INSERT INTO secteur VALUES
    ('SECT0001', 'Secteur 1'),
    ('SECT0002', 'Secteur 2'),
    ('SECT0003', 'Secteur 3');

INSERT INTO batiment VALUES   
    ('BAT00001', 'Amphi A', 150, 'SECT0001'),
    ('BAT00002', 'Amphi B', 150, 'SECT0001'),
    ('BAT00003', 'Salle 1', 150, 'SECT0002'),
    ('BAT00004', 'Salle 2', 150, 'SECT0002'),
    ('BAT00006', 'Grande Salle', 310, 'SECT0002'),
    ('BAT00007', 'Administration', 50, 'SECT0002');

INSERT INTO Source_solaire VALUES
    ('SRC00001', 15000, 40000, 'SECT0001'),
    ('SRC00002', 10000, 35000, 'SECT0002');

INSERT INTO meteo(id, date_meteo, heure_debut, heure_fin, luminosite) VALUES
    (default, '2023-11-27', '08:00:00', '08:59:59', 5),
    (default, '2023-11-27', '09:00:00', '09:59:59', 4),
    (default, '2023-11-27', '10:00:00', '10:59:59', 6),
    (default, '2023-11-27', '11:00:00', '11:59:59', 7),
    (default, '2023-11-27', '12:00:00', '12:59:59', 5),
    (default, '2023-11-27', '13:00:00', '13:59:59', 8),
    (default, '2023-11-27', '14:00:00', '14:59:59', 7),
    (default, '2023-11-27', '15:00:00', '15:59:59', 6),
    (default, '2023-11-27', '16:00:00', '16:59:59', 4),
    (default, '2023-11-27', '17:00:00', '17:59:59', 2);
    
    INSERT INTO meteo(id, date_meteo, heure_debut, heure_fin, luminosite) VALUES
        (default, '2023-12-04', '08:00:00', '08:59:59', 5),
        (default, '2023-12-04', '09:00:00', '09:59:59', 4),
        (default, '2023-12-04', '10:00:00', '10:59:59', 6),
        (default, '2023-12-04', '11:00:00', '11:59:59', 7),
        (default, '2023-12-04', '12:00:00', '12:59:59', 5),
        (default, '2023-12-04', '13:00:00', '13:59:59', 8),
        (default, '2023-12-04', '14:00:00', '14:59:59', 7),
        (default, '2023-12-04', '15:00:00', '15:59:59', 6),
        (default, '2023-12-04', '16:00:00', '16:59:59', 4),
        (default, '2023-12-04', '17:00:00', '17:59:59', 2);

INSERT INTO pointage VALUES
    (default, 'BAT00001', '2023-11-27', '08:00:00', '11:59:00', 100),
    (default, 'BAT00001', '2023-11-27', '12:00:00', '17:00:00', 70),
    (default, 'BAT00002', '2023-11-27', '08:00:00', '11:59:00', 120),
    (default, 'BAT00002', '2023-11-27', '12:00:00', '17:00:00', 50);

